order_id,corridor_km,dispatch_delay_days,tau,promised_days,actual_days,lateness_days,earliness_days,late_flag
order_00003,2.896045422610029,0.5845261026240658,0.9,6.369500591253617,5.482538957306414,0.0,0.8869616339472035,0
order_00004,3.839291314025913,2.63122547683424,0.9,9.09431782727111,5.772818209128334,0.0,3.3214996181427763,0
order_00009,15.150356696209816,1.55238708114679,0.9,9.1022494123686,8.052964747766708,0.0,1.0492846646018918,0
order_00011,63.43096233433062,1.4948785126794415,0.9,14.93390520348615,15.185728500770715,0.2518232972845649,0.0,1
order_00014,7.938806639850328,3.950078801850073,0.9,11.348636456267368,11.074103721192298,0.0,0.2745327350750699,0
order_00019,14.411868905797167,2.645687299069998,0.9,10.405838906648954,7.950853411332672,0.0,2.454985495316282,0
order_00027,11.394452612373671,0.830229782206435,0.9,7.722162888288144,5.548126811623942,0.0,2.174036076664202,0
order_00028,12.74406329142957,1.6872913374583587,0.9,8.384002966809254,5.484453126946941,0.0,2.8995498398623125,0
order_00037,48.10917357979977,2.3617842888213576,0.9,14.165235736077149,10.817379129724225,0.0,3.3478566063529236,0
order_00041,59.15630574360875,0.514029358316406,0.9,13.82793747742471,7.633483441974119,0.0,6.194454035450591,0
order_00043,23.0229480020895,3.3008365202182963,0.9,12.961692883552848,10.989473368173485,0.0,1.9722195153793631,0
order_00044,102.05664090574317,3.9749415617193695,0.9,22.89145076043495,17.07003227901479,0.0,5.82141848142016,0
order_00045,34.877786875100966,1.9667349046314502,0.9,12.04329537156733,7.867743561150389,0.0,4.175551810416941,0
order_00046,31.28213582376134,3.321294167957198,0.9,13.401977453878219,9.937808236402418,0.0,3.464169217475801,0
order_00050,34.071090907630094,2.2314629379806767,0.9,11.6862079649254,7.970847543314761,0.0,3.7153604216106384,0
order_00056,14.432559803371635,0.4281658205508902,0.9,7.652570481806498,9.435952411541594,1.7833819297350963,0.0,1
order_00058,11.759336093046638,1.2539717305672704,0.9,8.30704275587873,6.793278382389779,0.0,1.51376437348895,0
order_00061,47.78283694370523,2.7616086221352627,0.9,14.635081755152205,11.460545723503053,0.0,3.1745360316491524,0
order_00062,31.94549435805527,3.243878378212859,0.9,13.312962996864348,13.32344137206051,0.010478375196161238,0.0,1
order_00064,6.580094263506301,0.48768055224750956,0.9,6.100664647424349,5.405712236758685,0.0,0.6949524106656639,0
order_00066,63.62211005255706,0.07006467154645929,0.9,13.140707549918169,11.010476572679892,0.0,2.130230977238277,0
order_00071,64.56677747334714,0.6347829310889086,0.9,13.976236800979068,10.861216127237567,0.0,3.115020673741501,0
order_00072,59.88491446038439,3.5425090539576187,0.9,16.51490399405288,11.816374750365025,0.0,4.6985292436878545,0
order_00074,115.06153557349944,3.6555191920400287,0.9,24.003324365529906,21.168612559617177,0.0,2.834711805912729,0
order_00077,37.3606129486392,2.827112842219099,0.9,14.111288912210592,12.78344702155432,0.0,1.3278418906562717,0
order_00080,26.785892286467995,1.1162068371703613,0.9,9.373285834794196,5.229863369027505,0.0,4.14342246576669,0
order_00082,35.962643355395784,2.252054970868555,0.9,11.943808914750505,12.479029131934212,0.5352202171837064,0.0,1
order_00086,77.42707686917096,3.9026464569606434,0.9,19.715505019929648,16.463147468577624,0.0,3.2523575513520235,0
order_00087,24.95708658358945,1.835276132059958,0.9,10.066395360624165,9.360701289213882,0.0,0.7056940714102833,0
order_00092,28.24472129654884,2.292906541987995,0.9,11.647890650263449,11.066389720122157,0.0,0.5815009301412921,0
order_00094,2.1004417451410746,3.6009967260665974,0.9,9.522122657922498,7.020132513444126,0.0,2.5019901444783725,0
order_00095,62.61478196544931,0.5947520220055622,0.9,13.09051864977221,9.269652644451485,0.0,3.8208660053207257,0
order_00097,16.38481062564975,17.718087207474117,0.9,30.531184394732705,29.25704329968545,0.0,1.2741410950472556,0
order_00100,19.63172114178658,2.7894953336273653,0.9,11.894989765950218,9.031897512582429,0.0,2.863092253367789,0
order_00101,55.002970874939564,0.5765228022830081,0.9,12.136311906687462,8.184230781191204,0.0,3.9520811254962585,0
order_00102,26.842015525436086,0.5348444000620948,0.9,9.306323975864899,6.686198453841882,0.0,2.6201255220230166,0
order_00108,38.38664592750562,1.3104200783085198,0.9,11.039733640666503,6.896720203405679,0.0,4.143013437260824,0
order_00111,83.09196573549109,1.2239373356395902,0.9,16.397172001052454,16.582128367238184,0.1849563661857303,0.0,1
order_00115,13.979355486711329,0.7815489555425918,0.9,7.380303444415093,3.585809420367499,0.0,3.794494024047594,0
order_00117,43.38177841709058,0.5208627513497748,0.9,10.644013650984299,7.741576370666922,0.0,2.9024372803173764,0
order_00118,35.34905671315656,1.4388235524704616,0.9,11.499315023471182,7.825313879512195,0.0,3.6740011439589866,0
order_00120,11.582221280013687,1.027325676894409,0.9,7.400475781673482,5.282500248596152,0.0,2.1179755330773293,0
order_00121,88.79917204461731,0.3727070788014218,0.9,16.60585309993331,18.092918162838657,1.487065062905348,0.0,1
order_00123,60.092069426318915,0.3773959456532437,0.9,13.10079875596421,9.85583416638773,0.0,3.2449645895764796,0
order_00126,35.65557489143547,1.0907300873385064,0.9,11.021554746189562,7.840273552386821,0.0,3.1812811938027403,0
order_00127,76.5191337809755,0.2983577972668542,0.9,15.009146511501294,11.097926847363464,0.0,3.91121966413783,0
order_00129,35.71216683949741,2.2827835865901385,0.9,11.952351951395132,7.685633535014896,0.0,4.266718416380236,0
order_00130,11.009077145264365,1.1824549088501015,0.9,7.528160246922647,5.880344879952671,0.0,1.6478153669699767,0
order_00133,5.743236442043607,1.438610998848937,0.9,7.8066486216503295,5.29959181258086,0.0,2.5070568090694696,0
order_00135,52.6369785973305,0.7360952882598165,0.9,12.050386395775107,12.46109969944855,0.41071330367344316,0.0,1
order_00138,35.64698206231358,0.4695604500333418,0.9,10.228539366751736,8.172126787746794,0.0,2.0564125790049417,0
order_00141,92.4670046967617,2.0242153619851266,0.9,18.564109374537495,15.447646374104972,0.0,3.116463000432523,0
order_00142,20.669735677365292,1.4906335600899832,0.9,9.102624997471807,7.869394032438498,0.0,1.233230965033309,0
order_00144,57.81805351016559,6.495250943356072,0.9,20.026734069718287,15.960258553254443,0.0,4.066475516463845,0
order_00160,42.99037400936474,1.296520454845499,0.9,11.585072830278008,8.622307026870416,0.0,2.962765803407592,0
order_00161,106.76746025585089,0.8555705983883599,0.9,20.086487061705355,15.517670242257122,0.0,4.568816819448234,0
order_00162,69.80502252281613,0.8969868360378447,0.9,15.022645851013685,13.671179175719402,0.0,1.351466675294283,0
order_00165,46.55159595177353,1.2655342814717017,0.9,12.577064286134467,11.378709120109717,0.0,1.1983551660247507,0
order_00167,150.6934176844278,1.66105102900558,0.9,25.222492804172703,21.357037093182914,0.0,3.8654557109897887,0
order_00172,37.21907065795927,3.162527342554422,0.9,13.854230578016589,12.43551837886767,0.0,1.4187121991489189,0
order_00173,43.35432486461453,1.185013253076027,0.9,12.083360073260899,6.622951020575836,0.0,5.460409052685063,0
order_00174,75.85998392402067,2.6024999467029084,0.9,18.53359650981599,14.810374064536918,0.0,3.723222445279072,0
order_00179,91.802644020867,0.9217030307626014,0.9,17.744584890549326,15.313162064132227,0.0,2.4314228264170996,0
order_00181,119.94736805608264,1.5083652401976781,0.9,21.863359400341892,17.140573217294396,0.0,4.722786183047496,0
order_00182,18.809914782286718,2.8459740561903586,0.9,10.603159470576585,9.659955780542056,0.0,0.9432036900345295,0
order_00183,46.54579867532771,1.669352679307348,0.9,13.091206245737439,10.147179311325646,0.0,2.9440269344117933,0
order_00186,8.158195022317054,1.694541638523599,0.9,7.832370529415186,2.8988904134854674,0.0,4.933480115929719,0
order_00199,59.194544261890826,3.841276472822811,0.9,18.07471046574842,14.07254258277717,0.0,4.00216788297125,0
order_00200,27.045897264044424,1.8975321239863583,0.9,10.997182760103751,9.939359862711628,0.0,1.057822897392123,0
order_00201,91.48675339218222,1.7327288060156902,0.9,18.668527596967422,15.552031884433305,0.0,3.1164957125341175,0
order_00204,22.774606180093112,1.5552570392781215,0.9,10.038395043151713,6.004175540708058,0.0,4.034219502443655,0
order_00205,29.894261285642077,0.2274316943802089,0.9,9.287692076213723,5.547931192189011,0.0,3.7397608840247125,0
order_00220,6.770264951479799,3.924023184353464,0.9,11.768438726271519,12.221583471280479,0.4531447450089594,0.0,1
order_00223,82.50615427450566,2.1886605377362818,0.9,18.151445457034622,13.704716793158733,0.0,4.44672866387589,0
order_00224,69.3682930862809,0.9516785579467362,0.9,15.038961081937101,13.213810529025482,0.0,1.8251505529116194,0
order_00229,63.535901094720145,4.008066645789125,0.9,18.22239095940551,19.55193089772895,1.3295399383234425,0.0,1
order_00233,22.922457020562497,0.5954422360912935,0.9,8.23681465332599,3.5977458985746638,0.0,4.639068754751326,0
order_00248,84.52807612120749,6.956957942322467,0.9,24.47811035783448,21.160594649748504,0.0,3.3175157080859776,0
order_00252,93.80068610158557,0.4110239321840316,0.9,17.266417395734337,17.247893188708634,0.0,0.018524207025702566,0
order_00254,9.35235115762526,1.923168083316048,0.9,8.865852019113548,6.0008570450725776,0.0,2.864994974040971,0
order_00255,126.27948968126164,1.3813602442526987,0.9,21.87994495577901,21.048997013757617,0.0,0.8309479420213925,0
order_00257,9.505834468834852,3.5554716162499864,0.9,11.037185254761672,11.179936266721477,0.14275101195980433,0.0,1
order_00262,14.376147482970708,2.642821981965175,0.9,10.469261804752938,10.398483902426241,0.0,0.07077790232669656,0
order_00268,59.32168053043084,2.140348145355997,0.9,15.254263897538658,12.167643983093448,0.0,3.08661991444521,0
order_00270,48.58769176892012,0.6472771448685324,0.9,12.037838594877933,11.19831761220109,0.0,0.8395209826768433,0
order_00271,24.866134114343996,1.2584044588557455,0.9,9.319784944905798,7.720046607526542,0.0,1.5997383373792564,0
order_00272,47.30460008100592,2.9666210714658683,0.9,15.5053587731523,12.482147706490345,0.0,3.023211066661956,0
order_00274,35.76165470096196,2.3549413299611097,0.9,12.050402584934034,10.546068479354645,0.0,1.5043341055793888,0
order_00276,68.27102206758826,1.491009713979951,0.9,14.924996923443262,13.049713635302135,0.0,1.8752832881411265,0
order_00293,20.458872505313465,0.7756313863574031,0.9,8.165238444484508,5.465111830144711,0.0,2.7001266143397977,0
order_00296,7.980640001414026,2.1221060733753223,0.9,8.951721731819344,6.096332941000025,0.0,2.855388790819319,0
order_00297,13.17663698779953,0.3848069201470161,0.9,7.372238694701358,1.0020848080235205,0.0,6.370153886677837,0
order_00302,14.095717641921029,8.357101135857825,0.9,17.053036649398905,12.74295290391594,0.0,4.310083745482965,0
order_00304,63.48071880538374,3.591094983346705,0.9,17.684021028540386,18.698538097322988,1.0145170687826024,0.0,1
order_00306,45.63697379585414,1.2738961207450874,0.9,11.879921115353113,8.892865295259735,0.0,2.987055820093378,0
order_00308,25.99002769539339,2.3231438671843043,0.9,10.814739861126025,8.513483529478348,0.0,2.301256331647677,0
order_00309,23.362420546785895,0.8797417680521876,0.9,8.653094160807038,5.369604114902789,0.0,3.283490045904249,0
order_00313,39.42544287729731,1.0068004011372687,0.9,10.779682111947093,7.557993519440533,0.0,3.2216885925065597,0
order_00315,12.160003034218189,1.7909868795756034,0.9,9.112162540604501,6.16400977001794,0.0,2.948152770586561,0
order_00319,51.53914251416735,3.32396188573217,0.9,16.478860087032487,16.316633532992835,0.0,0.16222655403965192,0
order_00321,11.249373560275087,1.814599955903857,0.9,8.363507389141951,12.382417778949572,4.018910389807621,0.0,1
order_00322,41.1425825518151,1.8942320473972734,0.9,12.788520412731035,9.862616613978538,0.0,2.925903798752497,0
order_00325,85.41193663798717,2.5597433022953937,0.9,18.97995268812587,15.923214178868315,0.0,3.0567385092575545,0
order_00326,37.102120510514865,0.26130865197503966,0.9,9.545057591682458,7.1007214552914215,0.0,2.444336136391036,0
order_00329,22.237270936310402,0.8030080073106667,0.9,8.417650108286146,5.698980878906562,0.0,2.718669229379584,0
order_00330,24.377195560431858,1.9863419094511756,0.9,10.188073916394625,5.023942177463901,0.0,5.164131738930724,0
order_00338,82.00638356084775,4.578023268593941,0.9,21.208099970488213,21.66467664858119,0.45657667809297564,0.0,1
order_00345,24.800992024131624,2.71366634942474,0.9,11.763154673038521,11.727007829143263,0.0,0.03614684389525813,0
order_00347,29.253546514797684,3.9180084257784284,0.9,13.843210017378333,11.658475805922622,0.0,2.1847342114557105,0
order_00350,3.675603863001707,3.1034185133843546,0.9,9.08038271609604,2.549779165972235,0.0,6.5306035501238044,0
order_00352,26.70442300196609,0.5024245490413333,0.9,9.176716789856648,4.0937748287329025,0.0,5.082941961123746,0
order_00353,5.467048930459876,0.8667908192085912,0.9,7.043823403755782,5.237173699866637,0.0,1.8066497038891454,0
order_00357,84.11231604728752,3.255911335869528,0.9,19.112645305611863,21.470825995974746,2.3581806903628824,0.0,1
order_00361,13.804866295607258,1.6426783838351156,0.9,9.124251209972293,7.42068967039073,0.0,1.703561539581563,0
order_00362,16.70081405128998,2.268452361301624,0.9,10.872216864984065,9.295199107479291,0.0,1.5770177575047732,0
order_00366,49.88152055899668,3.1995501640491093,0.9,15.45011853575757,12.285309363318188,0.0,3.164809172439382,0
order_00367,25.428802970920337,0.47999341373201243,0.9,8.99210289833934,9.255577426075924,0.26347452773658375,0.0,1
order_00372,14.552911019431589,1.693617056075496,0.9,8.613299752452054,5.924546005920629,0.0,2.6887537465314253,0
order_00377,13.374274137190117,3.3367707758401854,0.9,11.160037060501425,5.491062337047303,0.0,5.668974723454122,0
order_00379,53.0788448095202,1.2416193074635338,0.9,12.748950268218817,9.790503482915751,0.0,2.9584467853030656,0
order_00383,94.3356709005026,2.2460329335470304,0.9,19.075465075640537,15.984132010833692,0.0,3.091333064806845,0
order_00386,10.692521433785952,1.3881968091953198,0.9,7.751755814877125,2.9969357404888646,0.0,4.7548200743882605,0
order_00390,20.685308078404795,1.6589916435818313,0.9,9.915119827421785,6.2433630588232845,0.0,3.6717567685985006,0
order_00395,71.08160837833148,2.5625107803028824,0.9,17.23080518306078,14.759778988247419,0.0,2.471026194813362,0
order_00397,34.6969900778237,2.431435172243815,0.9,13.281041643415149,8.721048958406058,0.0,4.559992685009091,0
order_00401,8.882911519375828,3.7901338877259114,0.9,11.260182690948247,6.491915501052036,0.0,4.768267189896211,0
order_00405,96.3502077691716,2.3024845689681346,0.9,19.393827121810723,17.08693416376742,0.0,2.306892958043303,0
order_00406,10.80901957426332,0.5103488541632133,0.9,6.646785973941906,2.589089983091384,0.0,4.057695990850522,0
order_00407,24.033628415554688,0.7335600279381317,0.9,9.144752045465095,7.336499540968321,0.0,1.8082525044967745,0
order_00408,5.912216080263978,0.8643425033110774,0.9,7.09514823421525,5.906962972583455,0.0,1.1881852616317952,0
order_00414,35.78667215838114,0.893635503192388,0.9,11.453687510702967,11.323279289290705,0.0,0.13040822141226194,0
order_00415,39.458638737282854,2.8771415426063403,0.9,13.764287196576337,9.88976015042742,0.0,3.8745270461489163,0
order_00420,21.046637354568325,1.4634413228351861,0.9,9.781439104553225,5.834988440908085,0.0,3.94645066364514,0
order_00421,48.412332528890936,2.539172649094752,0.9,14.499921164324153,13.400970158754577,0.0,1.0989510055695764,0
order_00422,4.227071855240262,0.596615340819807,0.9,5.951764546220777,3.3685981204562503,0.0,2.5831664257645266,0
order_00426,25.869543335660072,0.30122671704228676,0.9,8.889532972051331,6.291162014416402,0.0,2.5983709576349288,0
order_00431,9.232012809141104,0.8476983690164699,0.9,7.479956608138894,2.889232846769591,0.0,4.590723761369303,0
order_00437,135.96239146224443,1.1506331929754414,0.9,23.365989669114178,19.65045999287171,0.0,3.7155296762424683,0
order_00442,63.133188226365675,2.7958340879905226,0.9,15.960206979986522,17.505349382284123,1.5451424022976017,0.0,1
order_00449,13.509948884793562,0.8170488895570733,0.9,8.631480287332563,7.907336131875961,0.0,0.7241441554566022,0
order_00451,19.376962164988587,1.9111005326724826,0.9,10.147975021054021,9.030024257944868,0.0,1.1179507631091532,0
order_00453,121.34325307856612,2.3046720778736614,0.9,22.453399440884027,17.053161371367626,0.0,5.400238069516401,0
order_00454,25.4809459831639,1.5678851317808582,0.9,10.456940146950394,3.7786123355463817,0.0,6.678327811404013,0
order_00459,16.13901586289869,1.2665264371747518,0.9,8.262766799030977,8.65332862450163,0.39056182547065177,0.0,1
order_00461,51.219610940553835,2.2729737880205914,0.9,14.432429340572817,12.406809769070492,0.0,2.0256195715023253,0
order_00464,14.34736650014649,1.5744750112946029,0.9,9.03220056536229,1.3774507340866764,0.0,7.6547498312756135,0
order_00465,7.987771931390916,1.5068623382927535,0.9,7.5722438791557,4.458758015317042,0.0,3.1134858638386573,0
order_00472,82.52942922457689,2.397006190168704,0.9,18.419923806849397,17.766266407679453,0.0,0.6536573991699441,0
order_00474,38.017621896565075,1.941620307465095,0.9,12.39529399061351,9.647661202151555,0.0,2.7476327884619547,0
order_00477,33.41931050758425,1.5814855882183096,0.9,11.37373967651873,9.1007455437181,0.0,2.27299413280063,0
order_00480,73.5277756351008,0.4043460672581238,0.9,14.778417845956099,11.35519423865557,0.0,3.423223607300528,0
order_00489,23.743367327165714,0.7915120065446656,0.9,9.183137826388142,4.880651144053477,0.0,4.302486682334665,0
order_00490,123.54181045768178,1.5030290994578268,0.9,22.296175614299003,19.21742141585245,0.0,3.0787541984465534,0
order_00494,40.758103539613025,0.4254741567266668,0.9,10.201507823436252,8.568613259609656,0.0,1.6328945638265964,0
order_00497,45.83566632789453,1.2426328041111174,0.9,12.531748839048873,9.194328048759472,0.0,3.3374207902894018,0
order_00502,57.062218586180755,2.015269549897209,0.9,14.818449795593605,12.638208516270327,0.0,2.180241279323278,0
order_00510,42.51134955936172,2.643714411306399,0.9,13.244099620321157,6.674735853628474,0.0,6.569363766692683,0
order_00514,103.0319275223698,3.557720757493137,0.9,21.81140911289055,16.953430223732944,0.0,4.857978889157607,0
order_00516,30.677288326737933,6.611142580729067,0.9,16.855029909977766,12.704825782613362,0.0,4.150204127364404,0
order_00520,11.581914752214171,1.0071057078270669,0.9,7.970599669986777,6.784603997704572,0.0,1.1859956722822051,0
order_00534,82.33611533029591,3.3370012806661284,0.9,19.594733580256936,14.494459552635103,0.0,5.100274027621833,0
order_00542,5.978391497516467,2.3891163315469397,0.9,8.451321582858153,3.3493331357294287,0.0,5.101988447128724,0
order_00544,17.066876498479044,2.61064113272111,0.9,10.089937247797838,8.703477418346896,0.0,1.386459829450942,0
order_00545,21.61372584007954,0.5109975400405093,0.9,8.636472421682027,0.9014084692538074,0.0,7.73506395242822,0
order_00547,41.293711802692854,0.467318633203993,0.9,10.916306446423226,8.873377838103975,0.0,2.042928608319251,0
order_00556,21.910345848993007,6.780687940648944,0.9,15.998948880039913,11.900613804605275,0.0,4.098335075434639,0
order_00559,58.60503062129784,1.6509939058997785,0.9,14.542708276879058,10.24778743326598,0.0,4.2949208436130775,0
order_00560,20.46946182351348,0.8684750480247938,0.9,8.880846193855241,8.196283669331262,0.0,0.6845625245239795,0
order_00561,64.78348203641397,3.4748367111707297,0.9,18.291072645352727,15.894288079595722,0.0,2.396784565757006,0
order_00563,13.61518126773115,1.2238079586634407,0.9,7.899624093670908,4.185448545019178,0.0,3.7141755486517294,0
order_00565,41.962129401839206,1.2941959580276443,0.9,12.71967627725732,9.88436449409398,0.0,2.835311783163341,0
order_00571,47.31544218978926,0.4305803321901963,0.9,12.2733425279374,11.545159691946381,0.0,0.728182835991019,0
order_00572,48.60443392908248,4.603989528787139,0.9,17.751909405641975,15.618547732601687,0.0,2.1333616730402873,0
order_00573,41.729133061148325,2.423679399274556,0.9,12.867895225110338,10.971033597077083,0.0,1.896861628033255,0
order_00575,14.530084076856992,3.8939501088811634,0.9,12.083223342382102,11.124222222624162,0.0,0.9590011197579393,0
order_00581,14.68113310629777,0.0997478997764927,0.9,6.596867739562326,2.0568085383452828,0.0,4.540059201217042,0
order_00587,26.691973589861135,1.6981317091459691,0.9,11.367055030612654,9.837401545425484,0.0,1.5296534851871701,0
order_00596,17.37162460877929,3.1636058151369406,0.9,10.832215636210094,9.9717397974236,0.0,0.8604758387864937,0
order_00599,19.04567168577096,0.7047074389050006,0.9,8.497912411255648,8.598570106313968,0.10065769505832023,0.0,1
order_00600,38.886795605664595,1.9194978573020494,0.9,12.544838399223885,11.688075227418551,0.0,0.8567631718053335,0
order_00606,83.7181626195891,0.7020189227745454,0.9,16.404276788900475,15.131982835213883,0.0,1.2722939536865923,0
order_00607,16.479435393490373,1.411923806132751,0.9,9.753104194519377,6.892124930708787,0.0,2.8609792638105898,0
order_00611,78.75131204871508,0.5561026639344723,0.9,16.278153372952783,12.1816458664186,0.0,4.0965075065341825,0
order_00618,76.66795905294114,1.4507387468320454,0.9,15.900643560803324,12.355220708291098,0.0,3.5454228525122264,0
order_00620,54.118439897260124,1.041414415353157,0.9,13.216786700338751,9.163634471166114,0.0,4.053152229172637,0
order_00621,15.648694593890543,3.3012847157010867,0.9,10.797026710388232,11.152393296576294,0.3553665861880617,0.0,1
order_00631,19.91984633542774,1.7545451360409903,0.9,9.943326326841579,9.379929515292813,0.0,0.5633968115487651,0
order_00636,72.70124948738183,2.521130619868434,0.9,16.780197087759603,16.69124222762931,0.0,0.08895486013029341,0
order_00637,11.043316367414441,2.453048725245391,0.9,9.152300067177338,7.410873727844264,0.0,1.7414263393330742,0
order_00644,19.839680893255412,0.09237096386636681,0.9,8.481707400293308,4.60201930017165,0.0,3.8796881001216583,0
order_00645,28.090652399800046,1.133200740067717,0.9,10.15047244287912,6.742420569330232,0.0,3.4080518735488887,0
order_00647,39.72824661349074,0.06821936539530433,0.9,10.21600735609077,8.972956666106313,0.0,1.2430506899844573,0
order_00654,42.22458482144013,1.3964016017246392,0.9,12.214697818326332,9.940921324901286,0.0,2.2737764934250464,0
order_00655,23.193437170475264,0.9318700151643565,0.9,9.962214753962792,8.444442244473354,0.0,1.517772509489438,0
order_00660,81.00299071080583,2.202437296413847,0.9,17.985165271758323,14.887991861252361,0.0,3.0971734105059614,0
order_00661,21.18636267280042,3.060787205155046,0.9,11.835075195950948,8.77189777861455,0.0,3.063177417336398,0
order_00662,64.75198026426959,0.20511504671970832,0.9,12.855139154631553,9.635550980513072,0.0,3.2195881741184813,0
order_00664,32.983332370064566,3.6715222471775664,0.9,13.985123589008113,15.040190730678265,1.0550671416701523,0.0,1
order_00665,48.32485356337556,0.2203506155621384,0.9,10.865438243493426,6.337198165541152,0.0,4.528240077952273,0
order_00667,36.69779640280637,1.4385530870765346,0.9,10.996542342068917,10.604851775859427,0.0,0.3916905662094905,0
order_00670,38.68560280785466,1.1728893236126712,0.9,11.496892867503078,6.475165076096749,0.0,5.021727791406329,0
order_00671,4.126349900880733,2.6072749853339614,0.9,9.766276728750453,8.493391210728467,0.0,1.2728855180219867,0
order_00674,23.472456514823556,2.152883917862882,0.9,10.289753344083225,6.682024853156068,0.0,3.6077284909271574,0
order_00678,117.69492782874174,1.5362751195254847,0.9,21.623457782669185,16.493023118336996,0.0,5.1304346643321885,0
order_00680,21.024654014127396,1.2566938893314994,0.9,8.847770446008834,8.64934072029329,0.0,0.19842972571554363,0
order_00681,35.89795563433038,2.6687333787962815,0.9,12.467144214321497,10.03700952149137,0.0,2.4301346928301264,0
order_00682,39.511583427805036,2.58395459469416,0.9,13.396961933646262,12.545838016977736,0.0,0.8511239166685254,0
order_00688,18.47270475170672,0.6174670775033765,0.9,8.316607796765577,3.073173418234801,0.0,5.243434378530776,0
order_00689,17.35138505242064,0.36207950621214136,0.9,7.25791531417861,3.2007505958451032,0.0,4.057164718333507,0
order_00693,32.48272926241319,1.7561940118825308,0.9,12.149322398508676,12.06086412015421,0.0,0.08845827835446585,0
order_00695,18.258210945203658,1.7625609290685904,0.9,9.750319206059775,7.336758386937591,0.0,2.413560819122184,0
order_00697,40.06065138428254,0.20686456819681842,0.9,9.837487914813746,8.425022372895015,0.0,1.4124655419187313,0
order_00699,68.9820272958204,1.1978435470763902,0.9,14.638182484675065,14.861534188604479,0.2233517039294135,0.0,1
order_00703,117.6809238707333,7.317446756515626,0.9,28.396547938838474,27.46418399492572,0.0,0.9323639439127547,0
order_00714,56.64620096896516,5.3416910389961805,0.9,18.412671223576915,15.198569998365452,0.0,3.214101225211463,0
order_00717,34.792568480047876,3.67634875042811,0.9,14.28400141598946,12.731469004712581,0.0,1.5525324112768786,0
order_00724,7.442622215415736,1.7084012543550458,0.9,9.025849456612196,6.382985021057415,0.0,2.642864435554781,0
order_00725,26.639173379294682,1.3076580151962678,0.9,9.599433300726595,5.750121022634242,0.0,3.849312278092353,0
order_00727,30.056779379850337,0.9497225711202375,0.9,9.561072608832422,4.070122129468986,0.0,5.490950479363436,0
order_00731,80.17558562142452,2.6063720082991155,0.9,18.398968489518218,18.379765461461268,0.0,0.019203028056949734,0
order_00737,48.87309193982384,1.7546904473893652,0.9,12.888707680269766,10.522170099523821,0.0,2.366537580745945,0
order_00740,64.98776924011489,5.914702336333562,0.9,20.759395306260082,17.166892489487367,0.0,3.592502816772715,0
order_00741,7.1518270405145,0.9192887299109846,0.9,7.388258333930173,3.4821730547765517,0.0,3.906085279153621,0
order_00742,47.41935352264239,3.6750143465781377,0.9,16.422564531213112,12.880931671598972,0.0,3.5416328596141398,0
order_00743,31.876549687086598,3.30706478992966,0.9,13.456535612135358,9.115436279395585,0.0,4.341099332739773,0
order_00744,17.339265500941593,3.446275823321588,0.9,11.188649982750697,10.000739520183803,0.0,1.1879104625668937,0
order_00745,23.038926680115527,2.0563563147371764,0.9,10.70960276684458,9.875785468335462,0.0,0.8338172985091177,0
order_00749,32.53436746482059,0.2559513230649665,0.9,9.575507524680738,7.571502122163287,0.0,2.0040054025174507,0
order_00750,41.25017682596101,5.4483018288879155,0.9,17.332965074965834,16.328442563886348,0.0,1.004522511079486,0
order_00752,14.287271059803604,1.8717912830507366,0.9,9.475360937556617,8.361129362619389,0.0,1.1142315749372287,0
order_00754,32.25320260213917,2.3945420666828245,0.9,11.671789324091142,10.51878275841978,0.0,1.1530065656713617,0
order_00757,42.06769808069524,2.635259376412522,0.9,13.846444803264914,14.907390364427858,1.060945561162944,0.0,1
order_00758,22.113932108930765,2.159064785489349,0.9,10.727419834656615,3.5729891348860265,0.0,7.154430699770589,0
order_00760,75.93498733236073,2.414055007459186,0.9,17.635124739093882,15.183887509168759,0.0,2.4512372299251233,0
order_00762,76.00053013554535,6.725265092164591,0.9,23.80713337123035,24.754852607401244,0.9477192361708937,0.0,1
order_00765,4.275322999566107,3.5440316130411005,0.9,10.311435195597994,8.85293510707766,0.0,1.458500088520335,0
order_00769,12.99685708752145,1.7456142080992336,0.9,8.489280140789903,5.737791533548482,0.0,2.751488607241421,0
order_00776,116.7054136924234,0.9966183497909048,0.9,20.814395853971543,18.333437205200358,0.0,2.4809586487711854,0
order_00781,25.288936445163603,7.791455648927247,0.9,17.70085373656817,19.65150642307065,1.9506526865024796,0.0,1
order_00785,45.6442301755964,6.784763734871294,0.9,18.90692654718881,19.742680462771855,0.8357539155830445,0.0,1
order_00788,57.32364466122725,4.1128221487584335,0.9,17.52471247798575,18.828144650994037,1.3034321730082858,0.0,1
order_00792,158.9817999426112,2.875454986370139,0.9,27.784518897902863,27.80539097377303,0.02087207587016593,0.0,1
order_00793,45.90882477734198,0.44872294505446997,0.9,11.528495764895705,8.18633623307017,0.0,3.3421595318255353,0
order_00796,8.085782094489957,1.3424082744441113,0.9,7.374559226186315,5.072519232467731,0.0,2.3020399937185836,0
order_00803,50.16582695615164,2.7907161716737665,0.9,14.963645067528436,13.81701655234226,0.0,1.1466285151861761,0
order_00805,24.725799415113876,1.6783407971405389,0.9,10.433962898744673,6.208339032122636,0.0,4.225623866622037,0
order_00813,39.63914434732295,2.7655506105891288,0.9,13.048149421576031,11.297142872299066,0.0,1.7510065492769655,0
order_00820,15.882925939987501,2.8874736078488876,0.9,10.298083188100946,7.421722930917631,0.0,2.8763602571833156,0
order_00830,70.67122688469607,2.454762168952666,0.9,16.447297542367547,13.254330825858158,0.0,3.192966716509389,0
order_00833,109.00851560602716,0.6623802949360135,0.9,19.446884913745457,14.95696263173513,0.0,4.489922282010326,0
order_00834,39.314332605394966,1.3612613729754435,0.9,11.813956108518212,10.15491874606515,0.0,1.6590373624530628,0
order_00835,6.857333446228223,1.8757944829725912,0.9,8.50029869395792,4.569750862572901,0.0,3.9305478313850184,0
order_00839,35.01093145286734,3.4314807558530367,0.9,13.331126332026374,9.914289934343914,0.0,3.4168363976824594,0
order_00841,25.27760284481502,3.2017455790442613,0.9,12.51517161968669,11.685286604034102,0.0,0.8298850156525877,0
order_00842,15.539664386134692,0.737113579707747,0.9,7.514484399096357,6.683340994563875,0.0,0.8311434045324821,0
order_00845,43.83383075810216,1.748182004954667,0.9,13.527407961726748,11.30884914516009,0.0,2.2185588165666577,0
order_00846,82.25452247634067,1.6834187112137837,0.9,16.88056709143423,14.645174063489184,0.0,2.2353930279450456,0
order_00847,66.83318140822213,3.338846829194379,0.9,17.700994700301727,12.989166965494686,0.0,4.711827734807041,0
order_00848,30.501894287287353,3.7988739580284325,0.9,13.248057377830255,10.3111991259913,0.0,2.936858251838956,0
order_00849,23.861917992228413,6.298611808742391,0.9,15.623010383640915,14.280179898854968,0.0,1.3428304847859476,0
order_00852,29.698122615118944,2.4796176449214364,0.9,12.731083941075422,9.503670802507402,0.0,3.2274131385680196,0
order_00858,50.895632408884026,4.982003787876147,0.9,17.250760186835528,19.269830691170174,2.019070504334646,0.0,1
order_00863,63.954420515980175,1.378328328648799,0.9,15.516716437607652,13.240510495421006,0.0,2.276205942186646,0
order_00866,15.771881565391574,2.937525922765645,0.9,11.61164330777725,6.5597663437768245,0.0,5.051876964000425,0
order_00873,17.190857239253685,0.6508171687384245,0.9,8.202350902971325,3.456173614540459,0.0,4.746177288430866,0
order_00874,31.662190444704642,1.0235041006992902,0.9,10.518877182642141,8.140209029028217,0.0,2.3786681536139245,0
order_00877,44.894035188214794,5.5244399048850985,0.9,17.87570122933819,13.57007016469305,0.0,4.305631064645141,0
order_00880,122.8137660857658,1.7215971760150581,0.9,22.48579673467291,15.275702193717517,0.0,7.210094540955392,0
order_00881,34.420047011962204,2.8652497411366302,0.9,13.20432387687182,9.280328579550787,0.0,3.9239952973210332,0
order_00883,48.763700309111336,3.82037147286695,0.9,16.176368432107303,16.60840972826593,0.4320412961586264,0.0,1
order_00887,46.75653509297633,1.4549948325407411,0.9,12.843683452063825,12.715028601212728,0.0,0.12865485085109718,0
order_00893,7.039977345514412,1.97907670043008,0.9,8.058376418418497,0.8792836227212693,0.0,7.179092795697228,0
order_00894,34.35025047403872,1.8375248284696748,0.9,11.218096618329309,8.063942173890336,0.0,3.154154444438973,0
order_00897,29.94100344564275,1.9319077956214747,0.9,10.799156286864726,8.174385677629978,0.0,2.624770609234748,0
order_00899,18.63583854470684,3.2936268179993773,0.9,11.819992870054497,8.58363142933537,0.0,3.2363614407191275,0
order_00905,101.29788773965618,2.3100720513916984,0.9,20.67601454061826,23.027677531924326,2.351662991306064,0.0,1
order_00906,99.54995395051405,3.056011371503639,0.9,20.745887315618035,16.85213441591039,0.0,3.8937528997076463,0
order_00915,12.194419459890684,0.13698686476394875,0.9,6.9361483731210445,0.9981880705878328,0.0,5.937960302533211,0
order_00920,28.27609718605789,2.3483321161202504,0.9,11.793838275171831,13.133025241538622,1.3391869663667908,0.0,1
order_00921,13.699010195037065,3.394916861451196,0.9,11.273887765250741,10.526778911311043,0.0,0.7471088539396984,0
order_00930,5.107900158437124,1.3763469429435469,0.9,7.6495596111930775,4.632631849289683,0.0,3.0169277619033945,0
order_00934,13.0842070273764,0.11095278263207885,0.9,7.0117818305009365,5.8648823589037695,0.0,1.146899471597167,0
order_00940,32.266207140289694,2.036385415520938,0.9,11.812686568591523,13.274720564033002,1.4620339954414785,0.0,1
order_00942,88.04009914814523,1.218788379601147,0.9,17.591731494992622,14.304406941131884,0.0,3.2873245538607385,0
order_00946,24.519816230970605,4.636965985961167,0.9,13.584948282484774,12.816910779487579,0.0,0.7680375029971955,0
order_00948,31.712054296522652,1.01824875320807,0.9,10.446830483119548,9.124774957826007,0.0,1.3220555252935409,0
order_00950,78.88990973012638,0.3910669747584273,0.9,14.82136433960597,12.81982385577738,0.0,2.0015404838285917,0
order_00952,73.9610945526064,0.14264817713440486,0.9,14.497761576019476,12.336536549566055,0.0,2.1612250264534207,0
order_00955,15.38632190653612,0.4372114011965436,0.9,7.709308446047374,5.325724447709062,0.0,2.3835839983383122,0
order_00958,2.822101301437252,3.4075834446267157,0.9,9.95973288118972,7.176070300813497,0.0,2.7836625803762223,0
order_00959,95.49222626038858,3.4265898366161025,0.9,21.98540390482043,21.503784810997,0.0,0.48161909382342927,0
order_00960,43.487197227832795,2.191875059959131,0.9,12.787375381166473,9.330019501704742,0.0,3.4573558794617316,0
order_00964,11.487901242371807,0.18712197974595454,0.9,6.985102488848842,6.689707040776604,0.0,0.29539544807223805,0
order_00966,88.98513171106971,0.6211167868674923,0.9,16.945308600839073,12.309783260386096,0.0,4.635525340452977,0
order_00967,106.84260611082345,2.1560063803947,0.9,21.086291258662406,19.408575916017597,0.0,1.6777153426448095,0
order_00972,10.067206063870525,0.79495515380326,0.9,6.91891893408588,4.9796252170305,0.0,1.9392937170553806,0
order_00978,109.69192242955684,1.7959952130051215,0.9,20.379838272005223,21.0643232848183,0.6844850128130773,0.0,1
order_00985,69.60314391951762,0.6860181128707573,0.9,14.657534040865224,8.869056062070356,0.0,5.788477978794868,0
order_00997,6.730140191799599,2.4942573933903645,0.9,9.344700723074236,3.7792072396436027,0.0,5.565493483430634,0
order_01000,45.354480606862126,2.7710060286216853,0.9,14.350062052369992,9.879148196851013,0.0,4.47091385551898,0
order_01001,35.97918725455952,2.954307782047416,0.9,14.104501197759701,12.007663877053297,0.0,2.0968373207064044,0
order_01003,26.473499669600006,2.6518505107960384,0.9,11.888898796865037,5.9254388000330405,0.0,5.963459996831997,0
order_01007,48.85263188415115,2.823189582268999,0.9,14.844436469347997,8.479329154004652,0.0,6.365107315343344,0
order_01008,32.61083552597368,0.9245066040069002,0.9,10.437239055483076,4.8167475873380114,0.0,5.620491468145064,0
order_01009,12.853552795763324,2.8912213764423034,0.9,10.599738805367888,9.002538388621232,0.0,1.5972004167466558,0
order_01011,2.0636580541183376,1.4915104702374302,0.9,7.424061010563509,3.5735016965722437,0.0,3.8505593139912655,0
order_01012,48.71608861515887,3.774731723340541,0.9,16.70829752414152,12.478357626347645,0.0,4.2299398977938765,0
order_01014,65.12593784474545,2.9036650479619404,0.9,16.3414107460653,13.813054387193105,0.0,2.5283563588721947,0
order_01017,90.34987485846315,1.5642090537422326,0.9,18.386070838506384,18.84446389230066,0.45839305379427486,0.0,1
order_01026,85.42954355896276,0.6784177869731336,0.9,15.987556454042851,9.163132809359697,0.0,6.824423644683154,0
order_01027,57.90015348999955,4.162326545170512,0.9,17.729783536294335,14.541790334295708,0.0,3.1879932019986263,0
order_01028,34.2384577514591,0.7514598978184998,0.9,11.083064844603228,6.96346167240352,0.0,4.119603172199708,0
order_01031,48.10731337588997,2.3433911410068933,0.9,14.213002729877026,12.32323141192853,0.0,1.8897713179484956,0
order_01032,85.42656570602901,0.7029295156875881,0.9,16.685829580526427,16.85397111407369,0.16814153354726358,0.0,1
order_01034,39.12290405942986,1.2603000693776512,0.9,12.329208014441924,7.520468831143372,0.0,4.808739183298552,0
order_01038,36.03714540061106,3.6148207436993705,0.9,13.690388353239369,8.976144695937045,0.0,4.714243657302324,0
order_01043,34.61879490088757,4.892179729153504,0.9,15.145493966411165,16.79220554537818,1.6467115789670164,0.0,1
order_01049,24.438562380992963,0.48866662030174296,0.9,8.286108167798863,4.602000340300688,0.0,3.684107827498175,0
order_01052,35.6898265357635,3.511383270722674,0.9,14.111972054181944,8.171061244501509,0.0,5.940910809680435,0
order_01053,15.55395580481955,2.439259559212612,0.9,10.282335809930881,7.5882581941180325,0.0,2.6940776158128488,0
order_01055,26.973810130205184,6.5683560580842055,0.9,17.6108506231526,16.383176138073676,0.0,1.227674485078925,0
order_01056,19.871964606449893,1.6483662989130152,0.9,9.206155743694543,5.196728973002607,0.0,4.009426770691936,0
order_01064,18.794204255238224,3.827306627887936,0.9,11.85239458853874,9.130469985973665,0.0,2.7219246025650747,0
order_01070,14.659524883905437,3.0360036661730163,0.9,11.60115099127723,12.279483829778334,0.6783328385011043,0.0,1
order_01071,17.653077597416615,3.198213989654159,0.9,11.506703735386766,11.004894519856162,0.0,0.5018092155306046,0
order_01072,11.998243034015664,1.6203300212277727,0.9,8.20741237062352,6.5054688335901005,0.0,1.7019435370334186,0
order_01074,11.256952169029823,2.493881880788453,0.9,9.826430342717412,9.559536121219937,0.0,0.2668942214974752,0
order_01076,17.907582412754998,1.082150320855287,0.9,8.244000386507162,6.40272131959717,0.0,1.8412790669099923,0
order_01081,18.49165659544156,1.9360240213863555,0.9,10.071473777444174,9.887952235345129,0.0,0.18352154209904548,0
order_01082,81.8894260013875,3.0422152352670535,0.9,19.164261619840325,13.434681474850212,0.0,5.729580144990113,0
order_01092,20.082317000476774,1.515603722794524,0.9,9.658557388688761,3.4543445182875776,0.0,6.204212870401184,0
order_01099,39.2959808539496,0.4472784951190911,0.9,10.050481974469866,9.706250615724468,0.0,0.34423135874539845,0
order_01103,40.37639461820612,1.4031110829577662,0.9,12.664594492941562,13.552795509230119,0.8882010162885567,0.0,1
order_01104,45.57769384387002,0.6678785575864834,0.9,11.100024668651717,7.722144633007515,0.0,3.3778800356442016,0
order_01106,53.43710632972077,3.1595177884138566,0.9,15.238005211610277,5.804004124308313,0.0,9.434001087301965,0
order_01107,7.894690037053769,1.1692363174308207,0.9,7.13040088594665,3.3053654401403154,0.0,3.8250354458063347,0
order_01108,110.61056439426136,1.692010074525071,0.9,20.359616550232538,16.567599989043686,0.0,3.792016561188852,0
order_01109,2.051064573756996,1.8030384162949746,0.9,7.2237644576841005,5.497279158330747,0.0,1.726485299353353,0
order_01110,42.981050194451726,2.089055989336483,0.9,12.594381017823924,7.640115548605857,0.0,4.9542654692180665,0
order_01114,20.586386163996625,1.5592348572355839,0.9,9.847280532772508,6.205559766588574,0.0,3.6417207661839344,0
order_01122,28.0052482642299,0.44851531135829514,0.9,9.934468680847754,7.520115463491537,0.0,2.4143532173562168,0
order_01124,49.29957412070248,4.6265174109359855,0.9,17.865650850955525,18.747773730307966,0.8821228793524405,0.0,1
order_01126,36.82231467974972,1.6603984317379878,0.9,11.962000756617408,7.11093400387397,0.0,4.851066752743439,0
order_01130,73.01468434220689,0.741881254941989,0.9,15.813392742002339,17.97362192229635,2.16022918029401,0.0,1
order_01135,11.736187521510393,0.5413125392192302,0.9,8.06298784498011,4.238208805700631,0.0,3.8247790392794796,0
order_01136,25.99313178064362,3.9904984442352385,0.9,13.536865467273751,13.844743858445366,0.30787839117161475,0.0,1
order_01139,27.013305178231143,2.3969086244481406,0.9,11.033939055599244,7.071798375536798,0.0,3.962140680062446,0
order_01145,20.780254741530886,3.2888184821429594,0.9,12.67207700378826,11.277921638006523,0.0,1.394155365781737,0
order_01149,32.82526493698952,0.9724180814415458,0.9,11.191935922988046,10.66064035461146,0.0,0.5312955683765868,0
order_01155,53.65969080374694,2.8277391917359114,0.9,15.509611058964877,8.154300725297245,0.0,7.3553103336676315,0
order_01156,66.90824782669391,4.219987150980968,0.9,18.833591538351655,16.20721224374595,0.0,2.626379294605705,0
order_01157,29.114934645464757,2.194104619788095,0.9,11.032413261353565,7.337043710794833,0.0,3.6953695505587314,0
order_01159,84.41344771433106,4.309458936173962,0.9,21.088643925150777,17.026166457584328,0.0,4.062477467566449,0
order_01162,2.800913137439916,2.45162294655004,0.9,8.809778127412255,7.436053249477485,0.0,1.3737248779347695,0
order_01165,34.24893250578613,1.0236614339660852,0.9,11.431391152738144,11.721152152713127,0.28976099997498395,0.0,1
order_01167,54.448266520774865,0.8488721275163135,0.9,13.083088146181394,14.261289459319402,1.1782013131380076,0.0,1
order_01169,103.5378729717811,0.26579163148142176,0.9,17.676221647549248,14.190913663203188,0.0,3.4853079843460595,0
order_01176,43.0582318318633,1.7155558921940577,0.9,12.795010210072133,9.621322992187702,0.0,3.1736872178844315,0
order_01179,31.196979987517935,1.4116396086483038,0.9,11.552776407060747,8.853570465129286,0.0,2.699205941931462,0
order_01182,57.176733685303056,3.1839893818360996,0.9,15.726581895533956,14.538788784573189,0.0,1.187793110960767,0
order_01184,95.54062279333537,2.373807084836518,0.9,19.385743665972676,14.008103820224685,0.0,5.377639845747991,0
order_01189,20.015970857339074,2.636123074314158,0.9,10.48311566123209,7.735465188931302,0.0,2.747650472300787,0
order_01190,22.41647402312394,1.1875391952620458,0.9,9.597214184289797,8.508180133119291,0.0,1.089034051170506,0
order_01195,42.265091009576004,2.2292675489843377,0.9,13.281520014742487,6.887654650769801,0.0,6.393865363972686,0
order_01197,7.242790987259893,2.154083596377122,0.9,8.306307839021049,3.1641080735563225,0.0,5.142199765464726,0
